01.jpg	398407
02.jpg	356880
03.jpg	368135
04.jpg	409512
05.jpg	405300
06.jpg	379276
07.jpg	366838
labs-render-examples/01-effects/04-refraction/glass-bands.mp4	1012962
labs-render-examples/01-effects/04-refraction/glass-bands.png	840251
labs-render-examples/01-effects/04-refraction/glass-frosted.mp4	2872417
labs-render-examples/01-effects/04-refraction/glass-frosted.png	857767
labs-render-examples/01-effects/04-refraction/glass-grid.mp4	1651054
labs-render-examples/01-effects/04-refraction/glass-grid.png	859748
labs-render-examples/01-effects/04-refraction/glass-kaleido.mp4	3181185
labs-render-examples/01-effects/04-refraction/glass-kaleido.png	1011458
labs-render-examples/01-effects/04-refraction/glass-lens.mp4	2056458
labs-render-examples/01-effects/04-refraction/glass-lens.png	1096080
labs-render-examples/01-effects/04-refraction/glass-panes.mp4	898225
labs-render-examples/01-effects/04-refraction/glass-panes.png	782476
labs-render-examples/01-effects/04-refraction/glass-prism-ripple.mp4	3641919
labs-render-examples/01-effects/04-refraction/glass-prism-ripple.png	1271562
labs-render-examples/01-effects/04-refraction/glass-prismatic.mp4	5151467
labs-render-examples/01-effects/04-refraction/glass-prismatic.png	1062231
labs-render-examples/01-effects/04-refraction/glass-ripple.mp4	2179289
labs-render-examples/01-effects/04-refraction/glass-ripple.png	1054631
labs-render-examples/01-effects/04-refraction/glass-shattered.mp4	1648538
labs-render-examples/01-effects/04-refraction/glass-shattered.png	875804
labs-render-examples/01-effects/04-refraction/glass-shear.mp4	1166620
labs-render-examples/01-effects/04-refraction/glass-shear.png	825386
labs-render-examples/01-effects/04-refraction/glass-slivers.mp4	1489385
labs-render-examples/01-effects/04-refraction/glass-slivers.png	835409
labs-render-examples/01-effects/04-refraction/glass-swirl.mp4	1832689
labs-render-examples/01-effects/04-refraction/glass-swirl.png	899630
labs-render-examples/01-effects/04-refraction/glass-waves.mp4	3128150
labs-render-examples/01-effects/04-refraction/glass-waves.png	944169
labs-render-examples/01-effects/06-pattern/optic-gradient-field.mp4	6192303
labs-render-examples/01-effects/06-pattern/optic-halftone.mp4	5406959
labs-render-examples/01-effects/06-pattern/optic-moire.mp4	1829809
labs-render-examples/01-effects/06-pattern/optic-reaction.mp4	851585
labs-render-examples/02-generative/01-scanline/scanline-filter-ascii.mp4	2372140
labs-render-examples/02-generative/01-scanline/scanline-filter-ascii.png	137693
labs-render-examples/02-generative/01-scanline/scanline-filter-lines.mp4	3544609
labs-render-examples/02-generative/01-scanline/scanline-filter-lines.png	214503
labs-render-examples/02-generative/01-scanline/scanline-filter-mesh.mp4	8392064
labs-render-examples/02-generative/01-scanline/scanline-filter-mesh.png	669603
labs-render-examples/02-generative/01-scanline/scanline-filter-photo.mp4	3144986
labs-render-examples/02-generative/01-scanline/scanline-filter-photo.png	217943
labs-render-examples/02-generative/01-scanline/scanlines-glyph-ascii.mp4	5513928
labs-render-examples/02-generative/01-scanline/scanlines-glyph-ascii.png	129517
labs-render-examples/02-generative/01-scanline/scanlines-glyph-binary.mp4	9404641
labs-render-examples/02-generative/01-scanline/scanlines-glyph-binary.png	114056
labs-render-examples/02-generative/01-scanline/scanlines-glyph-blocks.mp4	19579619
labs-render-examples/02-generative/01-scanline/scanlines-glyph-blocks.png	277515
labs-render-examples/02-generative/01-scanline/scanlines-glyph-dense.mp4	16632944
labs-render-examples/02-generative/01-scanline/scanlines-glyph-dense.png	282720
labs-render-examples/02-generative/01-scanline/scanlines-glyph-dotset.mp4	3310534
labs-render-examples/02-generative/01-scanline/scanlines-glyph-dotset.png	80697
labs-render-examples/02-generative/01-scanline/scanlines-lattice-bold.mp4	6986146
labs-render-examples/02-generative/01-scanline/scanlines-lattice-bold.png	203896
labs-render-examples/02-generative/01-scanline/scanlines-lattice-fine.mp4	9000779
labs-render-examples/02-generative/01-scanline/scanlines-lattice-fine.png	211791
labs-render-examples/02-generative/01-scanline/scanlines-lattice-mesh.mp4	7294128
labs-render-examples/02-generative/01-scanline/scanlines-lattice-mesh.png	191998
labs-render-examples/02-generative/01-scanline/scanlines-lattice-terrain.mp4	14142437
labs-render-examples/02-generative/01-scanline/scanlines-lattice-terrain.png	468155
labs-render-examples/02-generative/01-scanline/scanlines-lattice-weave.mp4	57952467
labs-render-examples/02-generative/01-scanline/scanlines-lattice-weave.png	827674
labs-render-examples/02-generative/01-scanline/scanlines-rings-bold.mp4	8217603
labs-render-examples/02-generative/01-scanline/scanlines-rings-bold.png	122395
labs-render-examples/02-generative/01-scanline/scanlines-rings-concentric.mp4	10833424
labs-render-examples/02-generative/01-scanline/scanlines-rings-concentric.png	177711
labs-render-examples/02-generative/01-scanline/scanlines-rings-dotted.mp4	10421487
labs-render-examples/02-generative/01-scanline/scanlines-rings-dotted.png	338277
labs-render-examples/02-generative/01-scanline/scanlines-rings-fine.mp4	22403559
labs-render-examples/02-generative/01-scanline/scanlines-rings-fine.png	320887
labs-render-examples/02-generative/01-scanline/scanlines-rings-swirl.mp4	10685645
labs-render-examples/02-generative/01-scanline/scanlines-rings-swirl.png	179952
labs-render-examples/02-generative/01-scanline/scanlines-spaced-coarse.mp4	3886505
labs-render-examples/02-generative/01-scanline/scanlines-spaced-coarse.png	112247
labs-render-examples/02-generative/01-scanline/scanlines-spaced-columns.mp4	5284952
labs-render-examples/02-generative/01-scanline/scanlines-spaced-columns.png	217248
labs-render-examples/02-generative/01-scanline/scanlines-spaced-drift.mp4	4999186
labs-render-examples/02-generative/01-scanline/scanlines-spaced-drift.png	174946
labs-render-examples/02-generative/01-scanline/scanlines-spaced-fine.mp4	8151121
labs-render-examples/02-generative/01-scanline/scanlines-spaced-fine.png	235244
labs-render-examples/02-generative/01-scanline/scanlines-spaced-waves.mp4	10570341
labs-render-examples/02-generative/01-scanline/scanlines-spaced-waves.png	281790
labs-render-examples/02-generative/01-scanline/scanlines-spiral-double.mp4	296421
labs-render-examples/02-generative/01-scanline/scanlines-spiral-double.png	38733
labs-render-examples/02-generative/01-scanline/scanlines-spiral-galaxy.mp4	673315
labs-render-examples/02-generative/01-scanline/scanlines-spiral-galaxy.png	79184
labs-render-examples/02-generative/01-scanline/scanlines-spiral-single.mp4	164441
labs-render-examples/02-generative/01-scanline/scanlines-spiral-single.png	23068
labs-render-examples/02-generative/01-scanline/scanlines-spiral-tight.mp4	165485
labs-render-examples/02-generative/01-scanline/scanlines-spiral-tight.png	23869
labs-render-examples/02-generative/01-scanline/scanlines-spiral-triple.mp4	426743
labs-render-examples/02-generative/01-scanline/scanlines-spiral-triple.png	53282
labs-render-examples/02-generative/01-scanline/scanlines-vortex-dash.mp4	11827033
labs-render-examples/02-generative/01-scanline/scanlines-vortex-dash.png	231623
labs-render-examples/02-generative/01-scanline/scanlines-vortex-dense.mp4	21113231
labs-render-examples/02-generative/01-scanline/scanlines-vortex-dense.png	725589
labs-render-examples/02-generative/01-scanline/scanlines-vortex-straight.mp4	11317791
labs-render-examples/02-generative/01-scanline/scanlines-vortex-straight.png	446163
labs-render-examples/02-generative/01-scanline/scanlines-vortex-swirl.mp4	11272647
labs-render-examples/02-generative/01-scanline/scanlines-vortex-swirl.png	448409
labs-render-examples/02-generative/01-scanline/scanlines-vortex-wide.mp4	8601153
labs-render-examples/02-generative/01-scanline/scanlines-vortex-wide.png	371459
labs-render-examples/02-generative/02-pattern/pattern-blocks-bauhaus.mp4	458713
labs-render-examples/02-generative/02-pattern/pattern-blocks-bauhaus.png	27940
labs-render-examples/02-generative/02-pattern/pattern-blocks-brick-courses.mp4	1719997
labs-render-examples/02-generative/02-pattern/pattern-blocks-brick-courses.png	31797
labs-render-examples/02-generative/02-pattern/pattern-blocks-cascade.mp4	1865164
labs-render-examples/02-generative/02-pattern/pattern-blocks-cascade.png	35059
labs-render-examples/02-generative/02-pattern/pattern-blocks-diamond-grid.mp4	718955
labs-render-examples/02-generative/02-pattern/pattern-blocks-diamond-grid.png	113262
labs-render-examples/02-generative/02-pattern/pattern-blocks-mega-quad.mp4	333020
labs-render-examples/02-generative/02-pattern/pattern-blocks-mega-quad.png	27892
labs-render-examples/02-generative/02-pattern/pattern-blocks-mondrian.mp4	1786661
labs-render-examples/02-generative/02-pattern/pattern-blocks-mondrian.png	32764
labs-render-examples/02-generative/02-pattern/pattern-blocks-mortar.mp4	1320362
labs-render-examples/02-generative/02-pattern/pattern-blocks-mortar.png	32338
labs-render-examples/02-generative/02-pattern/pattern-blocks-pixel-check.mp4	1199220
labs-render-examples/02-generative/02-pattern/pattern-blocks-pixel-check.png	46417
labs-render-examples/02-generative/02-pattern/pattern-blocks-super-cells.mp4	1496802
labs-render-examples/02-generative/02-pattern/pattern-blocks-super-cells.png	34038
labs-render-examples/02-generative/02-pattern/pattern-blocks-terrazzo.mp4	3477842
labs-render-examples/02-generative/02-pattern/pattern-blocks-terrazzo.png	247493
labs-render-examples/02-generative/02-pattern/pattern-interlace-chainlink.mp4	2722295
labs-render-examples/02-generative/02-pattern/pattern-interlace-chainlink.png	176053
labs-render-examples/02-generative/02-pattern/pattern-interlace-chevron-weave.mp4	1074308
labs-render-examples/02-generative/02-pattern/pattern-interlace-chevron-weave.png	156623
labs-render-examples/02-generative/02-pattern/pattern-interlace-herringbone.mp4	2660352
labs-render-examples/02-generative/02-pattern/pattern-interlace-herringbone.png	192931
labs-render-examples/02-generative/02-pattern/pattern-interlace-lattice.mp4	4033360
labs-render-examples/02-generative/02-pattern/pattern-interlace-lattice.png	49160
labs-render-examples/02-generative/02-pattern/pattern-interlace-netting.mp4	2762593
labs-render-examples/02-generative/02-pattern/pattern-interlace-netting.png	172231
labs-render-examples/02-generative/02-pattern/pattern-organic-aurora.mp4	576497
labs-render-examples/02-generative/02-pattern/pattern-organic-aurora.png	117202
labs-render-examples/02-generative/02-pattern/pattern-organic-contour.mp4	498038
labs-render-examples/02-generative/02-pattern/pattern-organic-contour.png	129630
labs-render-examples/02-generative/02-pattern/pattern-organic-current.mp4	478947
labs-render-examples/02-generative/02-pattern/pattern-organic-current.png	127939
labs-render-examples/02-generative/02-pattern/pattern-organic-dunes.mp4	180215
labs-render-examples/02-generative/02-pattern/pattern-organic-dunes.png	94663
labs-render-examples/02-generative/02-pattern/pattern-organic-halftone.mp4	5455691
labs-render-examples/02-generative/02-pattern/pattern-organic-halftone.png	249900
labs-render-examples/02-generative/02-pattern/pattern-organic-honeycomb.mp4	997252
labs-render-examples/02-generative/02-pattern/pattern-organic-honeycomb.png	117962
labs-render-examples/02-generative/02-pattern/pattern-organic-lava-flow.mp4	504047
labs-render-examples/02-generative/02-pattern/pattern-organic-lava-flow.png	114704
labs-render-examples/02-generative/02-pattern/pattern-organic-marble.mp4	867627
labs-render-examples/02-generative/02-pattern/pattern-organic-marble.png	178496
labs-render-examples/02-generative/02-pattern/pattern-organic-petals.mp4	4553857
labs-render-examples/02-generative/02-pattern/pattern-organic-petals.png	279846
labs-render-examples/02-generative/02-pattern/pattern-organic-pin-dots.mp4	3467724
labs-render-examples/02-generative/02-pattern/pattern-organic-pin-dots.png	194979
labs-render-examples/02-generative/02-pattern/pattern-organic-polka.mp4	2306740
labs-render-examples/02-generative/02-pattern/pattern-organic-polka.png	166422
labs-render-examples/02-generative/02-pattern/pattern-organic-ripple.mp4	474556
labs-render-examples/02-generative/02-pattern/pattern-organic-ripple.png	163932
labs-render-examples/02-generative/02-pattern/pattern-organic-sand.mp4	885645
labs-render-examples/02-generative/02-pattern/pattern-organic-sand.png	178939
labs-render-examples/02-generative/02-pattern/pattern-organic-scatter.mp4	2565513
labs-render-examples/02-generative/02-pattern/pattern-organic-scatter.png	137540
labs-render-examples/02-generative/02-pattern/pattern-organic-strata.mp4	331973
labs-render-examples/02-generative/02-pattern/pattern-organic-strata.png	95540
labs-render-examples/02-generative/02-pattern/pattern-organic-swell.mp4	331515
labs-render-examples/02-generative/02-pattern/pattern-organic-swell.png	94182
labs-render-examples/02-generative/02-pattern/pattern-organic-tide.mp4	406188
labs-render-examples/02-generative/02-pattern/pattern-organic-tide.png	100339
labs-render-examples/02-generative/02-pattern/pattern-organic-waves.mp4	491894
labs-render-examples/02-generative/02-pattern/pattern-organic-waves.png	118201
labs-render-examples/02-generative/02-pattern/pattern-stripes-awning.mp4	166741
labs-render-examples/02-generative/02-pattern/pattern-stripes-awning.png	27181
labs-render-examples/02-generative/02-pattern/pattern-stripes-barber.mp4	1030580
labs-render-examples/02-generative/02-pattern/pattern-stripes-barber.png	173390
labs-render-examples/02-generative/02-pattern/pattern-stripes-candy.mp4	1663447
labs-render-examples/02-generative/02-pattern/pattern-stripes-candy.png	79709
labs-render-examples/02-generative/02-pattern/pattern-stripes-chevron.mp4	879785
labs-render-examples/02-generative/02-pattern/pattern-stripes-chevron.png	177565
labs-render-examples/02-generative/02-pattern/pattern-stripes-corduroy.mp4	453600
labs-render-examples/02-generative/02-pattern/pattern-stripes-corduroy.png	27422
labs-render-examples/02-generative/02-pattern/pattern-stripes-deckchair.mp4	269549
labs-render-examples/02-generative/02-pattern/pattern-stripes-deckchair.png	27206
labs-render-examples/02-generative/02-pattern/pattern-stripes-gradient-bands.mp4	623329
labs-render-examples/02-generative/02-pattern/pattern-stripes-gradient-bands.png	1149989
labs-render-examples/02-generative/02-pattern/pattern-stripes-pinstripe.mp4	404181
labs-render-examples/02-generative/02-pattern/pattern-stripes-pinstripe.png	27226
labs-render-examples/02-generative/02-pattern/pattern-stripes-venetian.mp4	360997
labs-render-examples/02-generative/02-pattern/pattern-stripes-venetian.png	28044
labs-render-examples/02-generative/02-pattern/pattern-tartan-argyle.mp4	688194
labs-render-examples/02-generative/02-pattern/pattern-tartan-argyle.png	139592
labs-render-examples/02-generative/02-pattern/pattern-tartan-gingham.mp4	174093
labs-render-examples/02-generative/02-pattern/pattern-tartan-gingham.png	27625
labs-render-examples/02-generative/02-pattern/pattern-tartan-glen-plaid.mp4	6745623
labs-render-examples/02-generative/02-pattern/pattern-tartan-glen-plaid.png	293639
labs-render-examples/02-generative/02-pattern/pattern-tartan-houndstooth.mp4	1499569
labs-render-examples/02-generative/02-pattern/pattern-tartan-houndstooth.png	143222
labs-render-examples/02-generative/02-pattern/pattern-tartan-royal-stewart.mp4	6156885
labs-render-examples/02-generative/02-pattern/pattern-tartan-royal-stewart.png	347040
labs-render-examples/02-generative/02-pattern/pattern-tartan-windowpane.mp4	183739
labs-render-examples/02-generative/02-pattern/pattern-tartan-windowpane.png	27392
labs-render-examples/02-generative/02-pattern/pattern-weave-basketweave.mp4	1915105
labs-render-examples/02-generative/02-pattern/pattern-weave-basketweave.png	41882
labs-render-examples/02-generative/02-pattern/pattern-weave-mesh.mp4	1253546
labs-render-examples/02-generative/02-pattern/pattern-weave-mesh.png	38978
labs-render-examples/02-generative/02-pattern/pattern-weave-plain-weave.mp4	1946076
labs-render-examples/02-generative/02-pattern/pattern-weave-plain-weave.png	40630
labs-render-examples/02-generative/02-pattern/pattern-weave-satin-weave.mp4	3328940
labs-render-examples/02-generative/02-pattern/pattern-weave-satin-weave.png	45882
labs-render-examples/02-generative/02-pattern/pattern-weave-twill-weave.mp4	3153776
labs-render-examples/02-generative/02-pattern/pattern-weave-twill-weave.png	45040
labs-render-examples/02-generative/03-loops/loops-field-checker-field.mp4	5736822
labs-render-examples/02-generative/03-loops/loops-field-checker-field.png	2103299
labs-render-examples/02-generative/03-loops/loops-field-checker-soft.mp4	3758991
labs-render-examples/02-generative/03-loops/loops-field-checker-soft.png	1930770
labs-render-examples/02-generative/03-loops/loops-field-contour-dense.mp4	110480810
labs-render-examples/02-generative/03-loops/loops-field-contour-dense.png	3129617
labs-render-examples/02-generative/03-loops/loops-field-contour-ember.mp4	86185083
labs-render-examples/02-generative/03-loops/loops-field-contour-ember.png	2915186
labs-render-examples/02-generative/03-loops/loops-field-contour-wide.mp4	57941503
labs-render-examples/02-generative/03-loops/loops-field-contour-wide.png	2668217
labs-render-examples/02-generative/03-loops/loops-field-contour.mp4	90244385
labs-render-examples/02-generative/03-loops/loops-field-contour.png	3180637
labs-render-examples/02-generative/03-loops/loops-field-gradient-field.mp4	2335240
labs-render-examples/02-generative/03-loops/loops-field-gradient-field.png	1455973
labs-render-examples/02-generative/03-loops/loops-field-gradient-sunset.mp4	2318641
labs-render-examples/02-generative/03-loops/loops-field-gradient-sunset.png	1456433
labs-render-examples/02-generative/03-loops/loops-field-halftone-warm.mp4	20408919
labs-render-examples/02-generative/03-loops/loops-field-halftone-warm.png	439300
labs-render-examples/02-generative/03-loops/loops-field-halftone.mp4	18760926
labs-render-examples/02-generative/03-loops/loops-field-halftone.png	432158
labs-render-examples/02-generative/03-loops/loops-field-interference-5.mp4	2229053
labs-render-examples/02-generative/03-loops/loops-field-interference-5.png	2284340
labs-render-examples/02-generative/03-loops/loops-field-interference.mp4	2465914
labs-render-examples/02-generative/03-loops/loops-field-interference.png	2291697
labs-render-examples/02-generative/03-loops/loops-field-moire-tight.mp4	6911216
labs-render-examples/02-generative/03-loops/loops-field-moire-tight.png	2442250
labs-render-examples/02-generative/03-loops/loops-field-moire-warm.mp4	5283832
labs-render-examples/02-generative/03-loops/loops-field-moire-warm.png	2166711
labs-render-examples/02-generative/03-loops/loops-field-moire-wide.mp4	2542168
labs-render-examples/02-generative/03-loops/loops-field-moire-wide.png	1893262
labs-render-examples/02-generative/03-loops/loops-field-moire.mp4	3473265
labs-render-examples/02-generative/03-loops/loops-field-moire.png	2225934
labs-render-examples/02-generative/03-loops/loops-field-plasma-ice.mp4	4583715
labs-render-examples/02-generative/03-loops/loops-field-plasma-ice.png	2550140
labs-render-examples/02-generative/03-loops/loops-field-plasma.mp4	5935937
labs-render-examples/02-generative/03-loops/loops-field-plasma.png	2523668
labs-render-examples/02-generative/03-loops/loops-field-rings-field.mp4	1089751
labs-render-examples/02-generative/03-loops/loops-field-rings-field.png	2281640
labs-render-examples/02-generative/03-loops/loops-field-rings-mono.mp4	579657
labs-render-examples/02-generative/03-loops/loops-field-rings-mono.png	2102582
labs-render-examples/02-generative/03-loops/loops-field-stripes-hard.mp4	202145
labs-render-examples/02-generative/03-loops/loops-field-stripes-hard.png	29805
labs-render-examples/02-generative/03-loops/loops-field-stripes.mp4	271903
labs-render-examples/02-generative/03-loops/loops-field-stripes.png	30270
labs-render-examples/02-generative/03-loops/loops-field-swirl-8.mp4	798455
labs-render-examples/02-generative/03-loops/loops-field-swirl-8.png	1374084
labs-render-examples/02-generative/03-loops/loops-field-swirl-mono.mp4	612822
labs-render-examples/02-generative/03-loops/loops-field-swirl-mono.png	1069950
labs-render-examples/02-generative/03-loops/loops-field-swirl-tight.mp4	778866
labs-render-examples/02-generative/03-loops/loops-field-swirl-tight.png	1546166
labs-render-examples/02-generative/03-loops/loops-field-swirl.mp4	791267
labs-render-examples/02-generative/03-loops/loops-field-swirl.png	1355192
labs-render-examples/02-generative/03-loops/loops-pattern-abstract-01.mp4	5278753
labs-render-examples/02-generative/03-loops/loops-pattern-abstract-01.png	121781
labs-render-examples/02-generative/03-loops/loops-pattern-abstract-02.mp4	2591281
labs-render-examples/02-generative/03-loops/loops-pattern-abstract-02.png	135023
labs-render-examples/02-generative/03-loops/loops-pattern-abstract-03.mp4	3588299
labs-render-examples/02-generative/03-loops/loops-pattern-abstract-03.png	276923
labs-render-examples/02-generative/03-loops/loops-pattern-abstract-06.mp4	2241503
labs-render-examples/02-generative/03-loops/loops-pattern-abstract-06.png	170222
labs-render-examples/02-generative/03-loops/loops-pattern-abstract-spin.mp4	4059897
labs-render-examples/02-generative/03-loops/loops-pattern-abstract-spin.png	212190
labs-render-examples/02-generative/03-loops/loops-pattern-bar-scroll.mp4	1054012
labs-render-examples/02-generative/03-loops/loops-pattern-bar-scroll.png	32468
labs-render-examples/02-generative/03-loops/loops-pattern-bar-weave-2.mp4	390255
labs-render-examples/02-generative/03-loops/loops-pattern-bar-weave-2.png	32961
labs-render-examples/02-generative/03-loops/loops-pattern-bar-weave.mp4	401209
labs-render-examples/02-generative/03-loops/loops-pattern-bar-weave.png	28666
labs-render-examples/02-generative/03-loops/loops-pattern-brutgrid.mp4	2397595
labs-render-examples/02-generative/03-loops/loops-pattern-brutgrid.png	119494
labs-render-examples/02-generative/03-loops/loops-pattern-circle-rings.mp4	2024516
labs-render-examples/02-generative/03-loops/loops-pattern-circle-rings.png	128717
labs-render-examples/02-generative/03-loops/loops-pattern-circle-tunnel.mp4	1335123
labs-render-examples/02-generative/03-loops/loops-pattern-circle-tunnel.png	97383
labs-render-examples/02-generative/03-loops/loops-pattern-diagonal-stripes.mp4	1512475
labs-render-examples/02-generative/03-loops/loops-pattern-diagonal-stripes.png	100401
labs-render-examples/02-generative/03-loops/loops-pattern-diamond-fade.mp4	990682
labs-render-examples/02-generative/03-loops/loops-pattern-diamond-fade.png	95011
labs-render-examples/02-generative/03-loops/loops-pattern-diamond-zoom.mp4	806481
labs-render-examples/02-generative/03-loops/loops-pattern-diamond-zoom.png	62165
labs-render-examples/02-generative/03-loops/loops-pattern-flicker-cells.mp4	1044373
labs-render-examples/02-generative/03-loops/loops-pattern-flicker-cells.png	106186
labs-render-examples/02-generative/03-loops/loops-pattern-hash-field.mp4	1232292
labs-render-examples/02-generative/03-loops/loops-pattern-hash-field.png	34451
labs-render-examples/02-generative/03-loops/loops-pattern-hex-flow.mp4	2884653
labs-render-examples/02-generative/03-loops/loops-pattern-hex-flow.png	135579
labs-render-examples/02-generative/03-loops/loops-pattern-hex-honeycomb.mp4	1673281
labs-render-examples/02-generative/03-loops/loops-pattern-hex-honeycomb.png	109796
labs-render-examples/02-generative/03-loops/loops-pattern-horizontal-scan.mp4	1363972
labs-render-examples/02-generative/03-loops/loops-pattern-horizontal-scan.png	61633
labs-render-examples/02-generative/03-loops/loops-pattern-plus-checker.mp4	2811740
labs-render-examples/02-generative/03-loops/loops-pattern-plus-checker.png	161401
labs-render-examples/02-generative/03-loops/loops-pattern-plus-mesh.mp4	1577029
labs-render-examples/02-generative/03-loops/loops-pattern-plus-mesh.png	44175
labs-render-examples/02-generative/03-loops/loops-pattern-scatter-dots.mp4	1017691
labs-render-examples/02-generative/03-loops/loops-pattern-scatter-dots.png	90580
labs-render-examples/02-generative/03-loops/loops-pattern-sparse-plus.mp4	3084386
labs-render-examples/02-generative/03-loops/loops-pattern-sparse-plus.png	149241
labs-render-examples/02-generative/03-loops/loops-pattern-square-diagonal.mp4	3370979
labs-render-examples/02-generative/03-loops/loops-pattern-square-diagonal.png	174586
labs-render-examples/02-generative/03-loops/loops-pattern-star-scatter.mp4	1429668
labs-render-examples/02-generative/03-loops/loops-pattern-star-scatter.png	116013
labs-render-examples/02-generative/03-loops/loops-pattern-static-grain.mp4	552125
labs-render-examples/02-generative/03-loops/loops-pattern-static-grain.png	35331
labs-render-examples/02-generative/03-loops/loops-pattern-thick-thin.mp4	628550
labs-render-examples/02-generative/03-loops/loops-pattern-thick-thin.png	32794
labs-render-examples/02-generative/03-loops/loops-pattern-triangle-alt.mp4	2673089
labs-render-examples/02-generative/03-loops/loops-pattern-triangle-alt.png	174339
labs-render-examples/02-generative/03-loops/loops-pattern-triangle-tess.mp4	2643223
labs-render-examples/02-generative/03-loops/loops-pattern-triangle-tess.png	85727
labs-render-examples/02-generative/03-loops/loops-pattern-vertical-bars.mp4	519289
labs-render-examples/02-generative/03-loops/loops-pattern-vertical-bars.png	32049
labs-render-examples/02-generative/03-loops/loops-shape-arc-bands.mp4	287492
labs-render-examples/02-generative/03-loops/loops-shape-arc-bands.png	128350
labs-render-examples/02-generative/03-loops/loops-shape-arc-double.mp4	471067
labs-render-examples/02-generative/03-loops/loops-shape-arc-double.png	100634
labs-render-examples/02-generative/03-loops/loops-shape-arc-sweep.mp4	327703
labs-render-examples/02-generative/03-loops/loops-shape-arc-sweep.png	101488
labs-render-examples/02-generative/03-loops/loops-shape-bars-wave.mp4	104030
labs-render-examples/02-generative/03-loops/loops-shape-bars-wave.png	27873
labs-render-examples/02-generative/03-loops/loops-shape-blob-soft.mp4	302809
labs-render-examples/02-generative/03-loops/loops-shape-blob-soft.png	42722
labs-render-examples/02-generative/03-loops/loops-shape-blob-spiky.mp4	506508
labs-render-examples/02-generative/03-loops/loops-shape-blob-spiky.png	51749
labs-render-examples/02-generative/03-loops/loops-shape-checker-pulse.mp4	592323
labs-render-examples/02-generative/03-loops/loops-shape-checker-pulse.png	30866
labs-render-examples/02-generative/03-loops/loops-shape-circle-morph.mp4	220590
labs-render-examples/02-generative/03-loops/loops-shape-circle-morph.png	44559
labs-render-examples/02-generative/03-loops/loops-shape-circle-warm.mp4	304995
labs-render-examples/02-generative/03-loops/loops-shape-circle-warm.png	49261
labs-render-examples/02-generative/03-loops/loops-shape-concentric-bands.mp4	135872
labs-render-examples/02-generative/03-loops/loops-shape-concentric-bands.png	136572
labs-render-examples/02-generative/03-loops/loops-shape-concentric-wide.mp4	297740
labs-render-examples/02-generative/03-loops/loops-shape-concentric-wide.png	91679
labs-render-examples/02-generative/03-loops/loops-shape-concentric.mp4	581775
labs-render-examples/02-generative/03-loops/loops-shape-concentric.png	167522
labs-render-examples/02-generative/03-loops/loops-shape-grid-rotor.mp4	2168961
labs-render-examples/02-generative/03-loops/loops-shape-grid-rotor.png	94302
labs-render-examples/02-generative/03-loops/loops-shape-lissajous-32.mp4	948105
labs-render-examples/02-generative/03-loops/loops-shape-lissajous-32.png	121251
labs-render-examples/02-generative/03-loops/loops-shape-lissajous-54.mp4	1882829
labs-render-examples/02-generative/03-loops/loops-shape-lissajous-54.png	183927
labs-render-examples/02-generative/03-loops/loops-shape-lissajous-filled.mp4	822929
labs-render-examples/02-generative/03-loops/loops-shape-lissajous-filled.png	121159
labs-render-examples/02-generative/03-loops/loops-shape-orbit-bands.mp4	154319
labs-render-examples/02-generative/03-loops/loops-shape-orbit-bands.png	121636
labs-render-examples/02-generative/03-loops/loops-shape-orbit-bare.mp4	137965
labs-render-examples/02-generative/03-loops/loops-shape-orbit-bare.png	30423
labs-render-examples/02-generative/03-loops/loops-shape-orbit-dense.mp4	514845
labs-render-examples/02-generative/03-loops/loops-shape-orbit-dense.png	161272
labs-render-examples/02-generative/03-loops/loops-shape-orbit-discs.mp4	118607
labs-render-examples/02-generative/03-loops/loops-shape-orbit-discs.png	116419
labs-render-examples/02-generative/03-loops/loops-shape-orbit-dots.mp4	153838
labs-render-examples/02-generative/03-loops/loops-shape-orbit-dots.png	121952
labs-render-examples/02-generative/03-loops/loops-shape-orbit-radial.mp4	179739
labs-render-examples/02-generative/03-loops/loops-shape-orbit-radial.png	872998
labs-render-examples/02-generative/03-loops/loops-shape-orbit-target.mp4	250505
labs-render-examples/02-generative/03-loops/loops-shape-orbit-target.png	93964
labs-render-examples/02-generative/03-loops/loops-shape-orbit-wide.mp4	336388
labs-render-examples/02-generative/03-loops/loops-shape-orbit-wide.png	102613
labs-render-examples/02-generative/03-loops/loops-shape-radial-bars.mp4	479941
labs-render-examples/02-generative/03-loops/loops-shape-radial-bars.png	99614
labs-render-examples/02-generative/03-loops/loops-shape-radial-fan.mp4	780693
labs-render-examples/02-generative/03-loops/loops-shape-radial-fan.png	155931
labs-render-examples/02-generative/03-loops/loops-shape-ring-dense.mp4	3447479
labs-render-examples/02-generative/03-loops/loops-shape-ring-dense.png	606670
labs-render-examples/02-generative/03-loops/loops-shape-ring-pulse.mp4	1895476
labs-render-examples/02-generative/03-loops/loops-shape-ring-pulse.png	351104
labs-render-examples/02-generative/03-loops/loops-shape-rose-4.mp4	1244846
labs-render-examples/02-generative/03-loops/loops-shape-rose-4.png	129462
labs-render-examples/02-generative/03-loops/loops-shape-rose-5.mp4	735554
labs-render-examples/02-generative/03-loops/loops-shape-rose-5.png	99597
labs-render-examples/02-generative/03-loops/loops-shape-rose-filled.mp4	1557616
labs-render-examples/02-generative/03-loops/loops-shape-rose-filled.png	168127
labs-render-examples/02-generative/03-loops/loops-shape-spiral-arch.mp4	795405
labs-render-examples/02-generative/03-loops/loops-shape-spiral-arch.png	153145
labs-render-examples/02-generative/03-loops/loops-shape-spiral-filled.mp4	509780
labs-render-examples/02-generative/03-loops/loops-shape-spiral-filled.png	126434
labs-render-examples/02-generative/03-loops/loops-shape-spiral-tight.mp4	1312640
labs-render-examples/02-generative/03-loops/loops-shape-spiral-tight.png	221020
labs-render-examples/02-generative/03-loops/loops-shape-square-circle.mp4	240827
labs-render-examples/02-generative/03-loops/loops-shape-square-circle.png	33328
labs-render-examples/02-generative/03-loops/loops-shape-star-7.mp4	327953
labs-render-examples/02-generative/03-loops/loops-shape-star-7.png	39985
labs-render-examples/02-generative/03-loops/loops-shape-star-classic.mp4	294920
labs-render-examples/02-generative/03-loops/loops-shape-star-classic.png	38732
labs-render-examples/02-generative/03-loops/loops-shape-wave-grid.mp4	2161493
labs-render-examples/02-generative/03-loops/loops-shape-wave-grid.png	135011
labs-render-examples/02-generative/04-math/math-animate.mp4	206695
labs-render-examples/02-generative/04-math/math-animate.png	170968
labs-render-examples/02-generative/04-math/math-attractor.mp4	229400
labs-render-examples/02-generative/04-math/math-attractor.png	321584
labs-render-examples/02-generative/04-math/math-field.mp4	521936
labs-render-examples/02-generative/04-math/math-parametric.mp4	135418
labs-render-examples/02-generative/04-math/math-parametric.png	76068
labs-render-examples/02-generative/04-math/math-surface.mp4	207056
labs-render-examples/02-generative/04-math/math-surface.png	635232
labs-render-examples/02-generative/04-math/math-surfaces.mp4	210325
labs-render-examples/02-generative/04-math/math-surfaces.png	645519
labs-render-examples/02-generative/04-math/math-uzumaki.mp4	135418
labs-render-examples/02-generative/04-math/math-uzumaki.png	76068
labs-render-examples/02-generative/05-penrose/penrose.mp4	11068575
labs-render-examples/02-generative/05-penrose/penrose.png	2981426
labs-render-examples/02-generative/06-drift/drift-smoke.mp4	859504
labs-render-examples/02-generative/06-drift/drift-smoke.png	36468
labs-render-examples/02-generative/07-gradients/gradients.mp4	289808
labs-render-examples/02-generative/08-soft-forms/softforms.mp4	253748
labs-render-examples/02-generative/09-soft-forms-3d/softforms-3d.mp4	295018
labs-render-examples/02-generative/10-scene-3d/3d-scene.mp4	6639115
type/05type.jpg	431708
video/asmr-sharp.mp4	16081270
video/asmr-sharp2.mp4	14287068
video/handshake.mp4	5974666
video/knlt-ms-02.mp4	89633591
video/knlt-ms.mp4	54617076
video/kol-realtime-04.mp4	21983486
video/maera-globb.mp4	17489374
video/naes.mp4	2080987
video/radial-dark-01.mp4	44172711
video/st-3.mp4	19778566
